{
    "salmon_version": "1.10.0",
    "samp_type": "none",
    "opt_type": "vb",
    "quant_errors": [],
    "num_libraries": 1,
    "library_types": [
        "IU"
    ],
    "frag_dist_length": 1001,
    "frag_length_mean": 280.08978840145167,
    "frag_length_sd": 104.34501612886668,
    "seq_bias_correct": false,
    "gc_bias_correct": false,
    "num_bias_bins": 4096,
    "mapping_type": "mapping",
    "keep_duplicates": true,
    "num_valid_targets": 368520,
    "num_decoy_targets": 0,
    "num_eq_classes": 529867,
    "serialized_eq_classes": false,
    "eq_class_properties": [
        "range_factorized",
        "gzipped"
    ],
    "length_classes": [
        217,
        277,
        421,
        992,
        16875
    ],
    "index_seq_hash": "406b85a5496543b5caa56557359c299ae9d0746219d2b46554bf8156e5b10721",
    "index_name_hash": "66bdf558e98bb877af1430834033baeada4b3536721c93107c3ddea359dac659",
    "index_seq_hash512": "e126986ef7d7a1f7114e5336152efb3187762fe16492291d98eba4dd6616ab6a44bcd9d7d47384fc0b7b8e80753a5c46da28ae3a710135460b7eb8486fd05d13",
    "index_name_hash512": "57a301753579876201fa9cc43fd72ff31fceb67925c8e40b419e1852514400a9f8a513c09ed9e2f53d20228a35c8628c577c743d543dd851e1a3ae6b7898b6cd",
    "index_decoy_seq_hash": "e3b0c44298fc1c149afbf4c8996fb92427ae41e4649b934ca495991b7852b855",
    "index_decoy_name_hash": "e3b0c44298fc1c149afbf4c8996fb92427ae41e4649b934ca495991b7852b855",
    "num_bootstraps": 0,
    "num_processed": 21209638,
    "num_mapped": 20234949,
    "num_decoy_fragments": 0,
    "num_dovetail_fragments": 364825,
    "num_fragments_filtered_vm": 817065,
    "num_alignments_below_threshold_for_mapped_fragments_vm": 10425079,
    "percent_mapped": 95.40449959589127,
    "call": "quant",
    "start_time": "Thu Nov 21 15:15:23 2024",
    "end_time": "Thu Nov 21 15:21:04 2024"
}