{
    "read_files": "[ /home/scoringfunctions/Documents/SaeHee/3rd_run/data/PM_SRR30633889_TRIM_1P.fastq, /home/scoringfunctions/Documents/SaeHee/3rd_run/data/PM_SRR30633889_TRIM_2P.fastq]",
    "expected_format": "IU",
    "compatible_fragment_ratio": 1.0,
    "num_compatible_fragments": 20234949,
    "num_assigned_fragments": 20234949,
    "num_frags_with_concordant_consistent_mappings": 19585649,
    "num_frags_with_inconsistent_or_orphan_mappings": 1768073,
    "strand_mapping_bias": 0.49743876243263626,
    "MSF": 0,
    "OSF": 0,
    "ISF": 9742661,
    "MSR": 0,
    "OSR": 0,
    "ISR": 9842988,
    "SF": 887049,
    "SR": 881024,
    "MU": 0,
    "OU": 0,
    "IU": 0,
    "U": 0
}