{
    "read_files": "[ /home/scoringfunctions/Documents/SaeHee/3rd_run/data/MT_SRR30633885_TRIM_1P.fastq, /home/scoringfunctions/Documents/SaeHee/3rd_run/data/MT_SRR30633885_TRIM_2P.fastq]",
    "expected_format": "IU",
    "compatible_fragment_ratio": 1.0,
    "num_compatible_fragments": 19678096,
    "num_assigned_fragments": 19678096,
    "num_frags_with_concordant_consistent_mappings": 18933796,
    "num_frags_with_inconsistent_or_orphan_mappings": 1525112,
    "strand_mapping_bias": 0.4987490094432199,
    "MSF": 0,
    "OSF": 0,
    "ISF": 9443212,
    "MSR": 0,
    "OSR": 0,
    "ISR": 9490584,
    "SF": 761535,
    "SR": 763577,
    "MU": 0,
    "OU": 0,
    "IU": 0,
    "U": 0
}